Year,Actual,GradientBoosting_Predicted,RobustRegression_Predicted,Prediction_Error_GB,Prediction_Error_Robust
2014,56.18500000000002,58.66891001657117,57.64281482378049,2.4839100165711514,1.457814823780474
2016,58.085000000000015,57.85480571218542,56.957872506167156,0.23019428781459794,1.1271274938328588
2018,56.88500000000001,58.63593173295306,58.537105433879,1.750931732953049,1.6521054338789867
2020,59.68500000000002,56.857349481054115,57.27794438914038,2.8276505189459016,2.4070556108596364
