Year,Actual,RandomForest_Predicted,Ridge_Predicted
2014,56.2,58.04399999999997,55.349142644643436
2016,58.1,57.22199999999992,57.75731445898746
2018,56.9,58.77099999999994,58.558653813883005
2020,59.7,57.26099999999997,57.48277451486853
