Year,Actual,RF_Predicted,LR_Predicted
2012,57.8,57.00999999999993,49.656457467516184
2014,56.2,57.93900000000007,50.00777842482802
2016,58.1,56.96899999999993,53.07152605776288
2018,56.9,58.607000000000006,58.967839355095435
2020,59.7,57.14699999999998,56.22055365593397
